,CPU,Memory,Temperature,Power,CPU_Rolling,Memory_Rolling,Temperature_Rolling,Power_Rolling
count,7201.0,7201.0,7201.0,7201.0,7197.0,7197.0,7197.0,7197.0
mean,54.973059297319814,15854.934175808916,59.52923205110401,80.29107068462713,54.969181603445875,15856.710518271504,59.522967903293036,80.28895373072115
std,26.395650876779765,9402.701130709427,15.93656738732429,23.21186812053571,11.563268239758546,4180.880481990349,7.044755809024232,10.359965729386479
min,10.0,801.0,32.0,40.0,16.0,1641.0,35.4,47.8
25%,32.0,7567.0,46.0,60.0,46.8,13040.4,54.8,73.2
50%,55.0,15963.0,59.0,80.0,54.8,15869.0,59.6,80.4
75%,78.0,24073.0,73.0,100.0,63.0,18705.8,64.2,87.4
max,100.0,31995.0,88.0,120.0,92.4,29070.8,83.6,111.2
